{"ENTITY_ID":2,"tables":[{"id":"ee523729-eba8-444f-8858-b45c3834075d","position":{"x":0,"y":0},"data":{"table_name":"Venda (sprzedaz)","fields":[{"fieldName":"nrFactura","fieldType":2,"isPK":true,"isNotNull":false,"isUnique":false,"defaultValue":"","args":"","isAutoIncrement":true},{"fieldName":"data","fieldType":7,"isPK":false,"isNotNull":false,"isUnique":false,"defaultValue":"","args":"","isAutoIncrement":false},{"fieldName":"total s iva (calkowity podatek)","fieldType":2,"isPK":false,"isNotNull":false,"isUnique":false,"defaultValue":"","args":"","isAutoIncrement":false},{"fieldName":"total","fieldType":2,"isPK":false,"isNotNull":false,"isUnique":false,"defaultValue":"","args":"","isAutoIncrement":false},{"fieldName":"nrContribuinte","fieldType":2,"isPK":false,"isNotNull":false,"isUnique":false,"defaultValue":"","args":"","isAutoIncrement":false}],"next_id":5,"checkName":[],"checkCondition":[]}},{"id":"74a4d33f-716f-42ab-8292-026430e02793","position":{"x":19,"y":340},"data":{"table_name":"Producto","fields":[{"fieldName":"codBarras (kod kreskowy)","fieldType":2,"isPK":true,"isNotNull":false,"isUnique":false,"defaultValue":"","args":"","isAutoIncrement":false},{"fieldName":"nome","fieldType":10,"isPK":false,"isNotNull":false,"isUnique":false,"defaultValue":"","args":["512"],"isAutoIncrement":false},{"fieldName":"marca","fieldType":10,"isPK":false,"isNotNull":false,"isUnique":false,"defaultValue":"","args":["512"],"isAutoIncrement":false},{"fieldName":"modelo","fieldType":10,"isPK":false,"isNotNull":false,"isUnique":false,"defaultValue":"","args":["512"],"isAutoIncrement":false},{"fieldName":"size","fieldType":2,"isPK":false,"isNotNull":false,"isUnique":false,"defaultValue":"","args":"","isAutoIncrement":false}],"next_id":5,"checkName":[],"checkCondition":[]}},{"id":"0a279ffe-c516-49b9-9fae-b3dff205094a","position":{"x":52,"y":180},"data":{"table_name":"venda producto (sprzedane produkty)","fields":[{"fieldName":"Quantidate","fieldType":2,"isPK":true,"isNotNull":false,"isUnique":false,"defaultValue":"","args":"","isAutoIncrement":false},{"fieldName":"precoUnitario (cena jednostkowa","fieldType":0,"isPK":false,"isNotNull":false,"isUnique":false,"defaultValue":"","args":[1,1],"isAutoIncrement":false}],"next_id":2,"checkName":[],"checkCondition":[]}}],"links":[{"source":"ee523729-eba8-444f-8858-b45c3834075d","target":"0a279ffe-c516-49b9-9fae-b3dff205094a","order":"normal","sourceCard":"1:1","targetCard":"1:1","label":"vende produto","hierType":null,"sourceisweak":false,"targetisweak":true},{"source":"0a279ffe-c516-49b9-9fae-b3dff205094a","target":"74a4d33f-716f-42ab-8292-026430e02793","order":"normal","sourceCard":"1:n","targetCard":"1:1","label":"new relation","hierType":null,"sourceisweak":true,"targetisweak":false}],"normalization":1,"database":0}