{"ENTITY_ID":2,"tables":[{"id":"f1098b3e-b821-4416-8ab1-aa2181e12736","position":{"x":3,"y":13},"data":{"table_name":"Animal","fields":[{"fieldName":"gatunek","fieldType":10,"isPK":false,"isNotNull":false,"isUnique":false,"defaultValue":"","args":["512"],"isAutoIncrement":false},{"fieldName":"BirthDate","fieldType":7,"isPK":false,"isNotNull":false,"isUnique":false,"defaultValue":"","args":"","isAutoIncrement":false},{"fieldName":"rasa","fieldType":10,"isPK":false,"isNotNull":false,"isUnique":false,"defaultValue":"","args":["512"],"isAutoIncrement":false},{"fieldName":"chip_id","fieldType":2,"isPK":true,"isNotNull":false,"isUnique":false,"defaultValue":"","args":"","isAutoIncrement":false}],"next_id":4,"checkName":[],"checkCondition":[]}},{"id":"5f21f34e-9a68-4413-b069-d7f7c3b7c43a","position":{"x":43,"y":341},"data":{"table_name":"Ownwer","fields":[{"fieldName":"owner_id","fieldType":2,"isPK":true,"isNotNull":false,"isUnique":false,"defaultValue":"","args":"","isAutoIncrement":false},{"fieldName":"name","fieldType":10,"isPK":false,"isNotNull":false,"isUnique":false,"defaultValue":"","args":["512"],"isAutoIncrement":false}],"next_id":2,"checkName":[],"checkCondition":[]}},{"id":"bb1afae3-68fa-4464-96b9-1e268fe6a2a4","position":{"x":186,"y":147},"data":{"table_name":"RegisteredAnimals","fields":[{"fieldName":"chip_id","fieldType":2,"isPK":false,"isNotNull":false,"isUnique":false,"defaultValue":"","args":"","isAutoIncrement":false},{"fieldName":"owner_id","fieldType":2,"isPK":false,"isNotNull":false,"isUnique":false,"defaultValue":"","args":"","isAutoIncrement":false},{"fieldName":"status (czy zyje)","fieldType":0,"isPK":false,"isNotNull":false,"isUnique":false,"defaultValue":"","args":"","isAutoIncrement":false},{"fieldName":"register_date","fieldType":7,"isPK":false,"isNotNull":false,"isUnique":false,"defaultValue":"","args":"","isAutoIncrement":false}],"next_id":4,"checkName":[],"checkCondition":[]}}],"links":[{"source":"5f21f34e-9a68-4413-b069-d7f7c3b7c43a","target":"bb1afae3-68fa-4464-96b9-1e268fe6a2a4","order":"normal","sourceCard":"1:1","targetCard":"1:n","label":"new relation","hierType":null,"sourceisweak":false,"targetisweak":false},{"source":"f1098b3e-b821-4416-8ab1-aa2181e12736","target":"bb1afae3-68fa-4464-96b9-1e268fe6a2a4","order":"normal","sourceCard":"1:1","targetCard":"0:n","label":"new relation","hierType":null,"sourceisweak":false,"targetisweak":true}],"normalization":1,"database":0}