{"ENTITY_ID":2,"tables":[{"id":"e9124611-58e7-4c9a-95c4-fca2da1c73c5","position":{"x":264,"y":56},"data":{"table_name":"Owner","fields":[{"fieldName":"owner_ID","fieldType":3,"isPK":true,"isNotNull":false,"isUnique":false,"defaultValue":"","args":[1,1],"isAutoIncrement":false}],"next_id":1,"checkName":[],"checkCondition":[]}},{"id":"ea40d95c-2949-48a0-ac56-12822dc2bcf0","position":{"x":270,"y":396},"data":{"table_name":"Animals","fields":[{"fieldName":"species","fieldType":10,"isPK":false,"isNotNull":false,"isUnique":false,"defaultValue":"","args":["512"],"isAutoIncrement":false},{"fieldName":"date_of_birth","fieldType":7,"isPK":false,"isNotNull":false,"isUnique":false,"defaultValue":"","args":"","isAutoIncrement":false},{"fieldName":"chip_ID","fieldType":2,"isPK":true,"isNotNull":false,"isUnique":false,"defaultValue":"","args":"","isAutoIncrement":false},{"fieldName":"breed","fieldType":10,"isPK":false,"isNotNull":false,"isUnique":false,"defaultValue":"","args":["512"],"isAutoIncrement":false}],"next_id":4,"checkName":[],"checkCondition":[]}},{"id":"ca7c3886-39ff-4b98-a956-bd692dca7dd9","position":{"x":308,"y":204},"data":{"table_name":"Registered","fields":[{"fieldName":"status","fieldType":2,"isPK":false,"isNotNull":false,"isUnique":false,"defaultValue":"1","args":"","isAutoIncrement":false},{"fieldName":"register_date","fieldType":0,"isPK":false,"isNotNull":false,"isUnique":false,"defaultValue":"","args":[1,1],"isAutoIncrement":false}],"next_id":3,"checkName":[],"checkCondition":[]}}],"links":[{"source":"e9124611-58e7-4c9a-95c4-fca2da1c73c5","target":"ca7c3886-39ff-4b98-a956-bd692dca7dd9","order":"normal","sourceCard":"1:1","targetCard":"0:n","label":"new relation","hierType":null,"sourceisweak":false,"targetisweak":true},{"source":"ea40d95c-2949-48a0-ac56-12822dc2bcf0","target":"ca7c3886-39ff-4b98-a956-bd692dca7dd9","order":"normal","sourceCard":"1:1","targetCard":"0:n","label":"new relation","hierType":null,"sourceisweak":false,"targetisweak":true}],"normalization":1,"database":0}