{"ENTITY_ID":8,"tables":[{"id":"65dae40d-0015-4484-8ab3-7c5effdf9f37","position":{"x":185,"y":-396},"data":{"table_name":"Test","fields":[{"fieldName":"field_0","fieldType":3,"isPK":true,"isNotNull":false,"isUnique":false,"defaultValue":"","args":[1,1],"isAutoIncrement":false},{"fieldName":"type","fieldType":11,"isPK":false,"isNotNull":false,"isUnique":false,"defaultValue":"","args":["512"],"isAutoIncrement":false},{"fieldName":"yearr","fieldType":0,"isPK":false,"isNotNull":false,"isUnique":false,"defaultValue":"","args":[1,1],"isAutoIncrement":false},{"fieldName":"semester","fieldType":10,"isPK":false,"isNotNull":false,"isUnique":false,"defaultValue":"","args":["512"],"isAutoIncrement":false}],"next_id":4,"checkName":[],"checkCondition":[]}},{"id":"8c8b1b52-cc90-46e6-8b74-245bd8287e37","position":{"x":456,"y":-212},"data":{"table_name":"Question","fields":[{"fieldName":"question_id","fieldType":3,"isPK":true,"isNotNull":false,"isUnique":false,"defaultValue":"","args":[1,1],"isAutoIncrement":false},{"fieldName":"text","fieldType":11,"isPK":false,"isNotNull":false,"isUnique":false,"defaultValue":"","args":["512"],"isAutoIncrement":false},{"fieldName":"correct_answer","fieldType":11,"isPK":false,"isNotNull":false,"isUnique":false,"defaultValue":"","args":["512"],"isAutoIncrement":false},{"fieldName":"score","fieldType":4,"isPK":false,"isNotNull":false,"isUnique":false,"defaultValue":"","args":["8"],"isAutoIncrement":false}],"next_id":4,"checkName":[],"checkCondition":[]}},{"id":"6265b8ae-9bbb-4f06-bac4-a4e22360efd1","position":{"x":-9,"y":146},"data":{"table_name":"Studends","fields":[{"fieldName":"student_ID","fieldType":3,"isPK":true,"isNotNull":false,"isUnique":false,"defaultValue":"","args":[1,1],"isAutoIncrement":false}],"next_id":1,"checkName":[],"checkCondition":[]}},{"id":"1e7ba57b-3d65-4dc9-a923-882076d7fb2b","position":{"x":375,"y":-42},"data":{"table_name":"answers","fields":[{"fieldName":"answer","fieldType":11,"isPK":false,"isNotNull":false,"isUnique":false,"defaultValue":"","args":["512"],"isAutoIncrement":false},{"fieldName":"score","fieldType":4,"isPK":false,"isNotNull":false,"isUnique":false,"defaultValue":"","args":["8"],"isAutoIncrement":false}],"next_id":2,"checkName":[],"checkCondition":[]}},{"id":"71fbcfac-dfbf-4475-abdf-2e2f37743600","position":{"x":-74,"y":-162},"data":{"table_name":"summary","fields":[{"fieldName":"notes","fieldType":11,"isPK":true,"isNotNull":false,"isUnique":false,"defaultValue":"","args":["512"],"isAutoIncrement":false},{"fieldName":"grade","fieldType":2,"isPK":false,"isNotNull":false,"isUnique":false,"defaultValue":"","args":"","isAutoIncrement":false}],"next_id":2,"checkName":[],"checkCondition":[]}}],"links":[{"source":"65dae40d-0015-4484-8ab3-7c5effdf9f37","target":"8c8b1b52-cc90-46e6-8b74-245bd8287e37","order":"normal","sourceCard":"1:1","targetCard":"1:n","label":"new relation","hierType":null,"sourceisweak":false,"targetisweak":true},{"source":"8c8b1b52-cc90-46e6-8b74-245bd8287e37","target":"1e7ba57b-3d65-4dc9-a923-882076d7fb2b","order":"normal","sourceCard":"1:1","targetCard":"1:1","label":"new relation","hierType":null,"sourceisweak":false,"targetisweak":true},{"source":"6265b8ae-9bbb-4f06-bac4-a4e22360efd1","target":"1e7ba57b-3d65-4dc9-a923-882076d7fb2b","order":"normal","sourceCard":"1:1","targetCard":"0:n","label":"new relation","hierType":null,"sourceisweak":false,"targetisweak":true},{"source":"6265b8ae-9bbb-4f06-bac4-a4e22360efd1","target":"71fbcfac-dfbf-4475-abdf-2e2f37743600","order":"normal","sourceCard":"1:1","targetCard":"0:n","label":"new relation","hierType":null,"sourceisweak":false,"targetisweak":true},{"source":"65dae40d-0015-4484-8ab3-7c5effdf9f37","target":"71fbcfac-dfbf-4475-abdf-2e2f37743600","order":"normal","sourceCard":"0:1","targetCard":"0:1","label":"new relation","hierType":null,"sourceisweak":false,"targetisweak":false}],"normalization":1,"database":0}