{"ENTITY_ID":6,"tables":[{"id":"cc162393-a5d0-4f17-960c-51485ff1024a","position":{"x":54,"y":111},"data":{"table_name":"Properties","fields":[{"fieldName":"property_ID","fieldType":3,"isPK":true,"isNotNull":false,"isUnique":false,"defaultValue":"","args":[1,1],"isAutoIncrement":false},{"fieldName":"matrix article","fieldType":10,"isPK":false,"isNotNull":false,"isUnique":false,"defaultValue":"","args":["512"],"isAutoIncrement":false},{"fieldName":"district","fieldType":10,"isPK":false,"isNotNull":false,"isUnique":false,"defaultValue":"","args":["512"],"isAutoIncrement":false},{"fieldName":"municipality","fieldType":10,"isPK":false,"isNotNull":false,"isUnique":false,"defaultValue":"","args":["512"],"isAutoIncrement":false},{"fieldName":"used","fieldType":0,"isPK":false,"isNotNull":false,"isUnique":false,"defaultValue":"","args":[1,1],"isAutoIncrement":false},{"fieldName":"price","fieldType":4,"isPK":false,"isNotNull":false,"isUnique":false,"defaultValue":"","args":["8"],"isAutoIncrement":false},{"fieldName":"field_6","fieldType":0,"isPK":false,"isNotNull":false,"isUnique":false,"defaultValue":"","args":[1,1],"isAutoIncrement":false},{"fieldName":"latitude","fieldType":4,"isPK":false,"isNotNull":false,"isUnique":false,"defaultValue":"","args":["8"],"isAutoIncrement":false},{"fieldName":"longitude","fieldType":4,"isPK":false,"isNotNull":false,"isUnique":false,"defaultValue":"","args":["8"],"isAutoIncrement":false}],"next_id":9,"checkName":[],"checkCondition":[]}},{"id":"d6f912c6-a5c0-486f-aa7e-24d0255bdbb8","position":{"x":-317,"y":273},"data":{"table_name":"land","fields":[{"fieldName":"area","fieldType":10,"isPK":true,"isNotNull":false,"isUnique":false,"defaultValue":"","args":["512"],"isAutoIncrement":false}],"next_id":1,"checkName":[],"checkCondition":[]}},{"id":"35372a67-c70f-4ccb-95e7-675ebcc84ac5","position":{"x":-314,"y":155},"data":{"table_name":"Entity_2","fields":[{"fieldName":"land_size","fieldType":10,"isPK":true,"isNotNull":false,"isUnique":false,"defaultValue":"","args":["512"],"isAutoIncrement":false}],"next_id":1,"checkName":[],"checkCondition":[]}},{"id":"226a3ef9-1135-4b6c-ba89-049641f68a89","position":{"x":-316,"y":50},"data":{"table_name":"appartment","fields":[{"fieldName":"condomium","fieldType":4,"isPK":true,"isNotNull":false,"isUnique":false,"defaultValue":"","args":["8"],"isAutoIncrement":false}],"next_id":1,"checkName":[],"checkCondition":[]}},{"id":"d3cdd014-086c-446a-8589-df56e99fde0b","position":{"x":274,"y":-146},"data":{"table_name":"Owner","fields":[{"fieldName":"id_owner","fieldType":3,"isPK":true,"isNotNull":false,"isUnique":false,"defaultValue":"","args":[1,1],"isAutoIncrement":false},{"fieldName":"name","fieldType":10,"isPK":false,"isNotNull":false,"isUnique":false,"defaultValue":"","args":["512"],"isAutoIncrement":false},{"fieldName":"surname","fieldType":0,"isPK":false,"isNotNull":false,"isUnique":false,"defaultValue":"","args":[1,1],"isAutoIncrement":false},{"fieldName":"phone","fieldType":2,"isPK":false,"isNotNull":false,"isUnique":false,"defaultValue":"","args":"","isAutoIncrement":false}],"next_id":4,"checkName":[],"checkCondition":[]}},{"id":"a25495c6-f45c-49e5-a720-4cc8eb6d785a","position":{"x":452,"y":151},"data":{"table_name":"sales","fields":[{"fieldName":"date","fieldType":7,"isPK":true,"isNotNull":false,"isUnique":false,"defaultValue":"","args":"","isAutoIncrement":false},{"fieldName":"xxxx","fieldType":10,"isPK":false,"isNotNull":false,"isUnique":false,"defaultValue":"","args":["512"],"isAutoIncrement":false}],"next_id":2,"checkName":[],"checkCondition":[]}},{"id":"583cbb82-191f-40d6-bd8c-ea1f358122a6","position":{"x":369,"y":372},"data":{"table_name":"Employee","fields":[{"fieldName":"employe__ID","fieldType":3,"isPK":true,"isNotNull":false,"isUnique":false,"defaultValue":"","args":[1,1],"isAutoIncrement":false}],"next_id":1,"checkName":[],"checkCondition":[]}}],"links":[{"source":"226a3ef9-1135-4b6c-ba89-049641f68a89","target":"cc162393-a5d0-4f17-960c-51485ff1024a","order":"parenting","sourceCard":"0:1","targetCard":"0:1","label":"complete","hierType":"complete","sourceisweak":false,"targetisweak":false},{"source":"35372a67-c70f-4ccb-95e7-675ebcc84ac5","target":"cc162393-a5d0-4f17-960c-51485ff1024a","order":"parenting","sourceCard":"0:1","targetCard":"0:1","label":"complete","hierType":"complete","sourceisweak":false,"targetisweak":false},{"source":"d6f912c6-a5c0-486f-aa7e-24d0255bdbb8","target":"cc162393-a5d0-4f17-960c-51485ff1024a","order":"parenting","sourceCard":"0:1","targetCard":"0:1","label":"complete","hierType":"complete","sourceisweak":false,"targetisweak":false},{"source":"583cbb82-191f-40d6-bd8c-ea1f358122a6","target":"a25495c6-f45c-49e5-a720-4cc8eb6d785a","order":"normal","sourceCard":"1:1","targetCard":"0:n","label":"new relation","hierType":null,"sourceisweak":false,"targetisweak":true},{"source":"cc162393-a5d0-4f17-960c-51485ff1024a","target":"a25495c6-f45c-49e5-a720-4cc8eb6d785a","order":"normal","sourceCard":"1:1","targetCard":"0:n","label":"new relation","hierType":null,"sourceisweak":false,"targetisweak":false},{"source":"d3cdd014-086c-446a-8589-df56e99fde0b","target":"cc162393-a5d0-4f17-960c-51485ff1024a","order":"normal","sourceCard":"1:1","targetCard":"0:n","label":"new relation","hierType":null,"sourceisweak":false,"targetisweak":false}],"normalization":1,"database":0}