{"ENTITY_ID":5,"tables":[{"id":"d4f224ab-c4c7-43a3-a1e8-73d1892f14f1","position":{"x":384,"y":137},"data":{"table_name":"doctor","fields":[{"fieldName":"field_0","fieldType":3,"isPK":true,"isNotNull":false,"isUnique":false,"defaultValue":"","args":[1,1],"isAutoIncrement":false},{"fieldName":"name","fieldType":10,"isPK":false,"isNotNull":false,"isUnique":false,"defaultValue":"","args":["512"],"isAutoIncrement":false},{"fieldName":"specialization","fieldType":10,"isPK":false,"isNotNull":false,"isUnique":false,"defaultValue":"","args":["512"],"isAutoIncrement":false}],"next_id":4,"checkName":[],"checkCondition":[]}},{"id":"55a5d74f-29b2-4e73-aa26-311c76237f27","position":{"x":324,"y":339},"data":{"table_name":"exams_reprots","fields":[{"fieldName":"datee","fieldType":7,"isPK":true,"isNotNull":false,"isUnique":false,"defaultValue":"","args":"","isAutoIncrement":false},{"fieldName":"raport","fieldType":10,"isPK":false,"isNotNull":false,"isUnique":false,"defaultValue":"","args":["512"],"isAutoIncrement":false},{"fieldName":"type","fieldType":10,"isPK":false,"isNotNull":false,"isUnique":false,"defaultValue":"","args":["512"],"isAutoIncrement":false}],"next_id":4,"checkName":[],"checkCondition":[]}},{"id":"10ebead3-9cd8-4911-941d-faa4cfbb21d6","position":{"x":387,"y":543},"data":{"table_name":"patient","fields":[{"fieldName":"patient_id","fieldType":3,"isPK":true,"isNotNull":false,"isUnique":false,"defaultValue":"","args":[1,1],"isAutoIncrement":false},{"fieldName":"name","fieldType":10,"isPK":false,"isNotNull":false,"isUnique":false,"defaultValue":"","args":["512"],"isAutoIncrement":false},{"fieldName":"surname","fieldType":10,"isPK":false,"isNotNull":false,"isUnique":false,"defaultValue":"","args":["512"],"isAutoIncrement":false},{"fieldName":"phone","fieldType":6,"isPK":false,"isNotNull":false,"isUnique":false,"defaultValue":"","args":["8","2"],"isAutoIncrement":false}],"next_id":4,"checkName":[],"checkCondition":[]}},{"id":"d1f5de48-bca6-4c67-8b1c-61e277a6c362","position":{"x":699,"y":327},"data":{"table_name":"consultations","fields":[{"fieldName":"datee","fieldType":7,"isPK":false,"isNotNull":false,"isUnique":false,"defaultValue":"","args":"","isAutoIncrement":false},{"fieldName":"symptons","fieldType":10,"isPK":false,"isNotNull":false,"isUnique":false,"defaultValue":"","args":["512"],"isAutoIncrement":false},{"fieldName":"description","fieldType":10,"isPK":false,"isNotNull":false,"isUnique":false,"defaultValue":"","args":["512"],"isAutoIncrement":false},{"fieldName":"id","fieldType":2,"isPK":true,"isNotNull":false,"isUnique":false,"defaultValue":"","args":"","isAutoIncrement":false}],"next_id":4,"checkName":[],"checkCondition":[]}}],"links":[{"source":"d4f224ab-c4c7-43a3-a1e8-73d1892f14f1","target":"55a5d74f-29b2-4e73-aa26-311c76237f27","order":"normal","sourceCard":"0:n","targetCard":"0:n","label":"commented","hierType":null,"sourceisweak":false,"targetisweak":false},{"source":"10ebead3-9cd8-4911-941d-faa4cfbb21d6","target":"55a5d74f-29b2-4e73-aa26-311c76237f27","order":"normal","sourceCard":"1:1","targetCard":"0:n","label":"new relation","hierType":null,"sourceisweak":false,"targetisweak":false},{"source":"10ebead3-9cd8-4911-941d-faa4cfbb21d6","target":"d1f5de48-bca6-4c67-8b1c-61e277a6c362","order":"normal","sourceCard":"1:1","targetCard":"0:n","label":"new relation","hierType":null,"sourceisweak":false,"targetisweak":true},{"source":"d4f224ab-c4c7-43a3-a1e8-73d1892f14f1","target":"d1f5de48-bca6-4c67-8b1c-61e277a6c362","order":"normal","sourceCard":"1:1","targetCard":"0:n","label":"new relation","hierType":null,"sourceisweak":false,"targetisweak":true},{"source":"d4f224ab-c4c7-43a3-a1e8-73d1892f14f1","target":"55a5d74f-29b2-4e73-aa26-311c76237f27","order":"normal","sourceCard":"1:1","targetCard":"0:n","label":"ordered","hierType":null,"sourceisweak":false,"targetisweak":false},{"source":"d4f224ab-c4c7-43a3-a1e8-73d1892f14f1","target":"55a5d74f-29b2-4e73-aa26-311c76237f27","order":"normal","sourceCard":"1:1","targetCard":"0:n","label":"made","hierType":null,"sourceisweak":false,"targetisweak":false}],"normalization":1,"database":0}