{"ENTITY_ID":5,"tables":[{"id":"4f972bf0-ef85-4cc6-a750-87ffdf6d60b6","position":{"x":101,"y":60},"data":{"table_name":"Luthier","fields":[{"fieldName":"id","fieldType":2,"isPK":true,"isNotNull":false,"isUnique":false,"defaultValue":"","args":"","isAutoIncrement":true},{"fieldName":"name","fieldType":10,"isPK":false,"isNotNull":true,"isUnique":false,"defaultValue":"","args":["512"],"isAutoIncrement":false},{"fieldName":"country","fieldType":10,"isPK":false,"isNotNull":false,"isUnique":false,"defaultValue":"","args":["512"],"isAutoIncrement":false},{"fieldName":"birth","fieldType":7,"isPK":false,"isNotNull":false,"isUnique":false,"defaultValue":"","args":"","isAutoIncrement":false},{"fieldName":"death","fieldType":7,"isPK":false,"isNotNull":false,"isUnique":false,"defaultValue":"","args":"","isAutoIncrement":false},{"fieldName":"picture","fieldType":10,"isPK":false,"isNotNull":false,"isUnique":false,"defaultValue":"","args":["512"],"isAutoIncrement":false}],"next_id":7,"checkName":[],"checkCondition":[]}},{"id":"4c9b4a8a-58fe-4345-8a19-d13d84ab74f1","position":{"x":103,"y":295},"data":{"table_name":"guitar","fields":[{"fieldName":"id","fieldType":0,"isPK":true,"isNotNull":false,"isUnique":false,"defaultValue":"","args":[1,1],"isAutoIncrement":false},{"fieldName":"model","fieldType":10,"isPK":false,"isNotNull":true,"isUnique":false,"defaultValue":"","args":["512"],"isAutoIncrement":false},{"fieldName":"scale length","fieldType":6,"isPK":false,"isNotNull":false,"isUnique":false,"defaultValue":"","args":"3@@@1","isAutoIncrement":false},{"fieldName":"top","fieldType":10,"isPK":false,"isNotNull":false,"isUnique":false,"defaultValue":"","args":["512"],"isAutoIncrement":false},{"fieldName":"bottom","fieldType":10,"isPK":false,"isNotNull":false,"isUnique":false,"defaultValue":"","args":["512"],"isAutoIncrement":false},{"fieldName":"sides","fieldType":10,"isPK":false,"isNotNull":false,"isUnique":false,"defaultValue":"","args":["512"],"isAutoIncrement":false},{"fieldName":"neck","fieldType":10,"isPK":false,"isNotNull":false,"isUnique":false,"defaultValue":"","args":["512"],"isAutoIncrement":false},{"fieldName":"fretboard","fieldType":10,"isPK":false,"isNotNull":false,"isUnique":false,"defaultValue":"","args":["512"],"isAutoIncrement":false},{"fieldName":"sadle","fieldType":10,"isPK":false,"isNotNull":false,"isUnique":false,"defaultValue":"","args":["512"],"isAutoIncrement":false},{"fieldName":"tuningMachine","fieldType":10,"isPK":false,"isNotNull":false,"isUnique":false,"defaultValue":"","args":["512"],"isAutoIncrement":false},{"fieldName":"build_date","fieldType":7,"isPK":false,"isNotNull":false,"isUnique":false,"defaultValue":"","args":"","isAutoIncrement":false}],"next_id":12,"checkName":[],"checkCondition":[]}},{"id":"930d8270-5e2d-4d66-a80d-9b69d544ca79","position":{"x":562,"y":53.999996185302734},"data":{"table_name":"artist","fields":[{"fieldName":"id","fieldType":2,"isPK":true,"isNotNull":false,"isUnique":false,"defaultValue":"","args":"","isAutoIncrement":true},{"fieldName":"name","fieldType":10,"isPK":false,"isNotNull":true,"isUnique":false,"defaultValue":"","args":["512"],"isAutoIncrement":false},{"fieldName":"country","fieldType":10,"isPK":false,"isNotNull":false,"isUnique":false,"defaultValue":"","args":["512"],"isAutoIncrement":false},{"fieldName":"birth","fieldType":7,"isPK":false,"isNotNull":false,"isUnique":false,"defaultValue":"","args":"","isAutoIncrement":false},{"fieldName":"death","fieldType":7,"isPK":false,"isNotNull":false,"isUnique":false,"defaultValue":"","args":"","isAutoIncrement":false},{"fieldName":"picture","fieldType":10,"isPK":false,"isNotNull":false,"isUnique":false,"defaultValue":"","args":["512"],"isAutoIncrement":false}],"next_id":6,"checkName":[],"checkCondition":[]}},{"id":"a3adf9c7-bdf0-4826-a1ec-751cfe0f2103","position":{"x":568,"y":329},"data":{"table_name":"recording","fields":[{"fieldName":"id","fieldType":0,"isPK":true,"isNotNull":false,"isUnique":false,"defaultValue":"","args":[1,1],"isAutoIncrement":false},{"fieldName":"name","fieldType":10,"isPK":false,"isNotNull":false,"isUnique":false,"defaultValue":"","args":["512"],"isAutoIncrement":false},{"fieldName":"rec_date","fieldType":7,"isPK":false,"isNotNull":false,"isUnique":false,"defaultValue":"","args":"","isAutoIncrement":false},{"fieldName":"composer","fieldType":10,"isPK":false,"isNotNull":false,"isUnique":false,"defaultValue":"","args":["512"],"isAutoIncrement":false},{"fieldName":"audio","fieldType":10,"isPK":false,"isNotNull":false,"isUnique":false,"defaultValue":"","args":["512"],"isAutoIncrement":false}],"next_id":5,"checkName":[],"checkCondition":[]}},{"id":"a204b3bf-5399-48f8-994f-2496ab25ff8c","position":{"x":507,"y":506},"data":{"table_name":"guitarPics","fields":[{"fieldName":"id","fieldType":0,"isPK":false,"isNotNull":false,"isUnique":false,"defaultValue":"","args":[1,1],"isAutoIncrement":false},{"fieldName":"img","fieldType":10,"isPK":true,"isNotNull":false,"isUnique":false,"defaultValue":"","args":["512"],"isAutoIncrement":false}],"next_id":2,"checkName":[],"checkCondition":[]}}],"links":[{"source":"4f972bf0-ef85-4cc6-a750-87ffdf6d60b6","target":"4c9b4a8a-58fe-4345-8a19-d13d84ab74f1","order":"normal","sourceCard":"1:1","targetCard":"0:n","label":"builds","hierType":null,"sourceisweak":false,"targetisweak":false},{"source":"930d8270-5e2d-4d66-a80d-9b69d544ca79","target":"a3adf9c7-bdf0-4826-a1ec-751cfe0f2103","order":"normal","sourceCard":"1:1","targetCard":"0:n","label":"records","hierType":null,"sourceisweak":false,"targetisweak":false},{"source":"4c9b4a8a-58fe-4345-8a19-d13d84ab74f1","target":"a3adf9c7-bdf0-4826-a1ec-751cfe0f2103","order":"normal","sourceCard":"1:1","targetCard":"0:n","label":"recorded_with","hierType":null,"sourceisweak":false,"targetisweak":false},{"source":"4c9b4a8a-58fe-4345-8a19-d13d84ab74f1","target":"a204b3bf-5399-48f8-994f-2496ab25ff8c","order":"normal","sourceCard":"1:1","targetCard":"0:n","label":"has_imgs","hierType":null,"sourceisweak":false,"targetisweak":false}],"normalization":1,"database":4}